Workbook

Sheet Pagamentos
A1: Folha de Pagamentos
A2: Funcionário | B2: Cargo | C2: Salário Base | D2: Horas mês | E2: Sala hora | F2: H. Extras | G2: H. Extras R$ | H2: Salário Bruto | I2: INSS % | J2: Deduzir | K2: INSS R$ | L2: FGTS R$
A3: Camilla Piva da Silva | B3: Aprendiz | C3: =VLOOKUP(B3,Cargos!$A$3:$D$13,3) -> 1214.4 | D3: =VLOOKUP(B3,Cargos!$A$3:$D$13,4) -> 110 | E3: =C3/D3 -> 11.04 | F3: 15 | G3: =E3*F3*1.5 -> 248.4 | H3: =C3+G3 -> 1462.8 | I3: =VLOOKUP(H3,INSS!$B$3:$D$7,3) -> 0.075 | J3: =VLOOKUP(H3,INSS!$B$3:$D$7,2) -> 0
A4: Carla Carota Mozena | B4: Auxiliar Adm | C4: =VLOOKUP(B4,Cargos!$A$3:$D$13,3) -> 2277 | D4: =VLOOKUP(B4,Cargos!$A$3:$D$13,4) -> 220 | E4: =C4/D4 -> 10.35 | F4: 17 | G4: =E4*F4*1.5 -> 263.925 | H4: =C4+G4 -> 2540.925 | I4: =VLOOKUP(H4,INSS!$B$3:$D$7,3) -> 0.09 | J4: =VLOOKUP(H4,INSS!$B$3:$D$7,2) -> 22.77
A5: Carlos Augusto Rodrigues | B5: Auxiliar Limpeza | C5: =VLOOKUP(B5,Cargos!$A$3:$D$13,3) -> 2277 | D5: =VLOOKUP(B5,Cargos!$A$3:$D$13,4) -> 220 | E5: =C5/D5 -> 10.35 | F5: 5 | G5: =E5*F5*1.5 -> 77.625 | H5: =C5+G5 -> 2354.625 | I5: =VLOOKUP(H5,INSS!$B$3:$D$7,3) -> 0.09 | J5: =VLOOKUP(H5,INSS!$B$3:$D$7,2) -> 22.77
A6: Carlos Henrique de Oliveira Siqueira | B6: Auxiliar Produção | C6: =VLOOKUP(B6,Cargos!$A$3:$D$13,3) -> 1518 | D6: =VLOOKUP(B6,Cargos!$A$3:$D$13,4) -> 220 | E6: =C6/D6 -> 6.9 | F6: 30 | G6: =E6*F6*1.5 -> 310.5 | H6: =C6+G6 -> 1828.5 | I6: =VLOOKUP(H6,INSS!$B$3:$D$7,3) -> 0.09 | J6: =VLOOKUP(H6,INSS!$B$3:$D$7,2) -> 22.77
A7: Cicero Ruan Soares Baborsa | B7: Diretor | C7: =VLOOKUP(B7,Cargos!$A$3:$D$13,3) -> 10626 | D7: =VLOOKUP(B7,Cargos!$A$3:$D$13,4) -> 220 | E7: =C7/D7 -> 48.3 | F7: 8 | G7: =E7*F7*1.5 -> 579.6 | H7: =C7+G7 -> 11205.6 | I7: =VLOOKUP(H7,INSS!$B$3:$D$7,3) -> Teto | J7: =VLOOKUP(H7,INSS!$B$3:$D$7,2) -> Teto
A8: Erick da Silva de Jesus | B8: Encarregado | C8: =VLOOKUP(B8,Cargos!$A$3:$D$13,3) -> 4554 | D8: =VLOOKUP(B8,Cargos!$A$3:$D$13,4) -> 220 | E8: =C8/D8 -> 20.7 | F8: 10 | G8: =E8*F8*1.5 -> 310.5 | H8: =C8+G8 -> 4864.5 | I8: =VLOOKUP(H8,INSS!$B$3:$D$7,3) -> 0.14 | J8: =VLOOKUP(H8,INSS!$B$3:$D$7,2) -> 190.42
A9: Gabriella Godoi Avila | B9: Estagiário | C9: =VLOOKUP(B9,Cargos!$A$3:$D$13,3) -> 759 | D9: =VLOOKUP(B9,Cargos!$A$3:$D$13,4) -> 180 | E9: =C9/D9 -> 4.2166667 | F9: 12 | G9: =E9*F9*1.5 -> 75.9 | H9: =C9+G9 -> 834.9 | I9: =VLOOKUP(H9,INSS!$B$3:$D$7,3) -> 0.075 | J9: =VLOOKUP(H9,INSS!$B$3:$D$7,2) -> 0
A10: Guilherme Carvalho de Oliveira | B10: Gerente | C10: =VLOOKUP(B10,Cargos!$A$3:$D$13,3) -> 7590 | D10: =VLOOKUP(B10,Cargos!$A$3:$D$13,4) -> 220 | E10: =C10/D10 -> 34.5 | F10: 0 | G10: =E10*F10*1.5 -> 0 | H10: =C10+G10 -> 7590 | I10: =VLOOKUP(H10,INSS!$B$3:$D$7,3) -> 0.14 | J10: =VLOOKUP(H10,INSS!$B$3:$D$7,2) -> 190.42
A11: Igor Henrique Gonçalves | B11: Operador de Produção | C11: =VLOOKUP(B11,Cargos!$A$3:$D$13,3) -> 3036 | D11: =VLOOKUP(B11,Cargos!$A$3:$D$13,4) -> 220 | E11: =C11/D11 -> 13.8 | F11: 12 | G11: =E11*F11*1.5 -> 248.4 | H11: =C11+G11 -> 3284.4 | I11: =VLOOKUP(H11,INSS!$B$3:$D$7,3) -> 0.12 | J11: =VLOOKUP(H11,INSS!$B$3:$D$7,2) -> 106.8
A12: Jaqueline de Faria Rodrigues | B12: Recepcionista | C12: =VLOOKUP(B12,Cargos!$A$3:$D$13,3) -> 2277 | D12: =VLOOKUP(B12,Cargos!$A$3:$D$13,4) -> 220 | E12: =C12/D12 -> 10.35 | F12: 18 | G12: =E12*F12*1.5 -> 279.45 | H12: =C12+G12 -> 2556.45 | I12: =VLOOKUP(H12,INSS!$B$3:$D$7,3) -> 0.09 | J12: =VLOOKUP(H12,INSS!$B$3:$D$7,2) -> 22.77
A13: João Victor Colosso | B13: Supervisor | C13: =VLOOKUP(B13,Cargos!$A$3:$D$13,3) -> 3036 | D13: =VLOOKUP(B13,Cargos!$A$3:$D$13,4) -> 220 | E13: =C13/D13 -> 13.8 | F13: 0 | G13: =E13*F13*1.5 -> 0 | H13: =C13+G13 -> 3036 | I13: =VLOOKUP(H13,INSS!$B$3:$D$7,3) -> 0.12 | J13: =VLOOKUP(H13,INSS!$B$3:$D$7,2) -> 106.8
A14: João Vitor Castro Viana Marques | B14: Operador de Produção | C14: =VLOOKUP(B14,Cargos!$A$3:$D$13,3) -> 3036 | D14: =VLOOKUP(B14,Cargos!$A$3:$D$13,4) -> 220 | E14: =C14/D14 -> 13.8 | F14: 28 | G14: =E14*F14*1.5 -> 579.6 | H14: =C14+G14 -> 3615.6 | I14: =VLOOKUP(H14,INSS!$B$3:$D$7,3) -> 0.12 | J14: =VLOOKUP(H14,INSS!$B$3:$D$7,2) -> 106.8
... A20: Pedro Henrique Pereira Sanches | B20: Auxiliar Adm | C20: =VLOOKUP(B20,Cargos!$A$3:$D$13,3) -> 2277 | D20: =VLOOKUP(B20,Cargos!$A$3:$D$13,4) -> 220 | E20: =C20/D20 -> 10.35 | F20: 9 | G20: =E20*F20*1.5 -> 139.725 | H20: =C20+G20 -> 2416.725 | I20: =VLOOKUP(H20,INSS!$B$3:$D$7,3) -> 0.09 | J20: =VLOOKUP(H20,INSS!$B$3:$D$7,2) -> 22.77

Sheet Cargos
A1: Cargos e Salários
A2: Cargo | B2: Fator | C2: Salário | D2: Hora Mês | F2: Salário mínimo
A3: Aprendiz | B3: 0.8 | C3: =B3*$F$3 -> 1214.4 | D3: 110 | F3: 1518
A4: Auxiliar Adm | B4: 1.5 | C4: =B4*$F$3 -> 2277 | D4: 220
A5: Auxiliar Limpeza | B5: 1.5 | C5: =B5*$F$3 -> 2277 | D5: 220
A6: Auxiliar Produção | B6: 1 | C6: =B6*$F$3 -> 1518 | D6: 220
A7: Diretor | B7: 7 | C7: =B7*$F$3 -> 10626 | D7: 220
A8: Encarregado | B8: 3 | C8: =B8*$F$3 -> 4554 | D8: 220
A9: Estagiário | B9: 0.5 | C9: =B9*$F$3 -> 759 | D9: 180
A10: Gerente | B10: 5 | C10: =B10*$F$3 -> 7590 | D10: 220
A11: Operador de Produção | B11: 2 | C11: =B11*$F$3 -> 3036 | D11: 220
A12: Recepcionista | B12: 1.5 | C12: =B12*$F$3 -> 2277 | D12: 220
A13: Supervisor | B13: 2 | C13: =B13*$F$3 -> 3036 | D13: 220

Sheet INSS
B1: Tabela de INSS 2025
B2: Salário | C2: Deduzir | D2: Porcentagem
A3: Acima de | B3: 0 | C3: 0 | D3: 0.075
A4: Acima de | B4: 1518.01 | C4: 22.77 | D4: 0.09
A5: Acima de | B5: 2793.89 | C5: 106.8 | D5: 0.12
A6: Acima de | B6: 4190.84 | C6: 190.42 | D6: 0.14 | F6: Teto
A7: Acima de | B7: 8157.42 | C7: Teto | D7: Teto
